name,Timestamp,X-coordinate,Y-coordinate
1,0.03333333333333333,-29.0,151.57868552516712
1,0.06666666666666667,-30.0,157.81475350266692
1,0.1,-30.01666203960727,157.81475350266692
1,0.13333333333333333,-30.066592756745816,159.81475350266692
1,0.16666666666666666,-31.0,168.81475350266692
1,0.19999999999999998,-31.016124838541646,177.81475350266692
1,0.2333333333333333,-31.016124838541646,189.05082148016672
1,0.26666666666666666,-31.016124838541646,195.05082148016672
1,0.3,-32.0,193.05082148016672
1,0.3333333333333333,-32.38826948140329,200.05082148016672
1,0.36666666666666664,-33.015148038438355,213.28688945766652
1,0.39999999999999997,-33.015148038438355,228.28688945766652
1,0.4333333333333333,-32.01562118716424,235.4491671178349
1,0.4666666666666666,-34.0147027033899,250.4491671178349
1,0.49999999999999994,-33.015148038438355,250.4491671178349
1,0.5333333333333333,-33.015148038438355,257.6852350953347
1,0.5666666666666667,-33.015148038438355,270.6852350953347
1,0.6,-33.54101966249684,279.6852350953347
1,0.6333333333333333,-33.0,301.92130307283446
1,0.6666666666666666,-33.0,305.92130307283446
1,0.7,-33.015148038438355,305.92130307283446
1,0.7333333333333333,-34.058772731852805,319.15737105033423
1,0.7666666666666666,-34.0147027033899,339.15737105033423
1,0.7999999999999999,-34.0147027033899,350.31964871050263
1,0.8333333333333333,-34.0,365.31964871050263
1,0.8666666666666666,-33.0,381.5557166880024
1,0.8999999999999999,-33.015148038438355,381.5557166880024
1,0.9333333333333332,-33.06055050963308,394.5557166880024
1,0.9666666666666666,-33.015148038438355,409.7917846655022
1,0.9999999999999999,-33.015148038438355,429.7917846655022
1,1.0333333333333332,-33.015148038438355,443.02785264300195
1,1.0666666666666667,-33.015148038438355,456.02785264300195
1,1.1,-33.0,454.02785264300195
1,1.1333333333333335,-33.06055050963308,469.02785264300195
1,1.166666666666667,-33.0,487.2639206205017
1,1.2000000000000004,-32.01562118716424,500.2639206205017
1,1.2333333333333338,-32.984845004941285,507.2639206205017
1,1.2666666666666673,-32.01562118716424,533.4999885980014
1,1.3000000000000007,-32.0,533.4999885980014
1,1.3333333333333341,-33.24154027718932,542.4999885980014
1,1.3666666666666676,-33.0,561.7360565755013
1,1.400000000000001,-33.015148038438355,577.7360565755013
1,1.4333333333333345,-35.0,590.9721245530011
1,1.466666666666668,-34.0147027033899,607.9721245530011
1,1.5000000000000013,-34.0,605.9721245530011
1,1.5333333333333348,-36.0,622.1344022131694
1,1.5666666666666682,-35.014282800023196,639.1344022131694
1,1.6000000000000016,-35.510561809129406,648.1344022131694
1,1.633333333333335,-37.0,668.3704701906693
1,1.6666666666666685,-36.0,683.3704701906693
1,1.700000000000002,-36.013886210738214,683.3704701906693
1,1.7333333333333354,-38.01315561749642,698.6065381681691
1,1.7666666666666688,-37.013511046643494,716.6065381681691
1,1.8000000000000023,-38.0,729.8426061456689
1,1.8333333333333357,-38.01315561749642,747.8426061456689
1,1.8666666666666691,-39.01281840626232,762.8426061456689
1,1.9000000000000026,-37.8549864614954,751.8426061456689
1,1.933333333333336,-39.01281840626232,774.0786741231688
1,1.9666666666666694,-38.63935817272331,785.0786741231688
1,2.0000000000000027,-39.01281840626232,809.2409517833371
1,2.033333333333336,-39.45883931389772,818.2409517833371
1,2.066666666666669,-40.0,838.2409517833371
1,2.1000000000000023,-40.0,838.2409517833371
1,2.1333333333333355,-41.0,853.4770197608369
1,2.1666666666666687,-42.01190307520001,868.4770197608369
1,2.200000000000002,-42.0,881.7130877383368
1,2.233333333333335,-43.01162633521314,899.7130877383368
1,2.2666666666666684,-42.01190307520001,916.9491557158366
1,2.3000000000000016,-43.0,916.9491557158366
1,2.333333333333335,-45.0,930.9491557158366
1,2.366666666666668,-44.01136216933077,948.1852236933364
1,2.4000000000000012,-45.0,966.1852236933364
1,2.4333333333333345,-46.010868281309364,981.4212916708362
1,2.4666666666666677,-48.0,996.4212916708362
1,2.500000000000001,-48.0,996.4212916708362
1,2.533333333333334,-50.00999900019995,1012.4212916708362
1,2.5666666666666673,-48.662100242385755,1021.6573596483361
1,2.6000000000000005,-50.0,1045.657359648336
1,2.6333333333333337,-50.48762224545735,1053.8934276258358
1,2.666666666666667,-52.009614495783374,1078.8934276258358
1,2.7,-52.009614495783374,1078.8934276258358
1,2.7333333333333334,-54.08326913195984,1087.1294956033355
1,2.7666666666666666,-53.0,1109.1294956033355
1,2.8,-54.037024344425184,1122.3655635808352
1,2.833333333333333,-55.0,1140.3655635808352
1,2.8666666666666663,-56.00892785976178,1155.601631558335
1,2.8999999999999995,-57.0,1153.601631558335
1,2.9333333333333327,-60.00833275470999,1168.601631558335
1,2.966666666666666,-58.008620049092706,1186.8376995358346
1,2.999999999999999,-57.87054518492115,1190.8376995358346
1,3.0333333333333323,-58.0,1217.8376995358346
1,3.0666666666666655,-58.42088667591412,1226.0737675133344
1,3.0999999999999988,-58.309518948453004,1226.0737675133344
1,3.133333333333332,-61.00819617067857,1246.0737675133344
1,3.166666666666665,-58.077534382926416,1262.309835490834
1,3.1999999999999984,-58.008620049092706,1283.309835490834
1,3.2333333333333316,-58.077534382926416,1297.5459034683338
1,3.266666666666665,-59.00847396772772,1316.5459034683338
1,3.299999999999998,-59.00847396772772,1316.5459034683338
1,3.3333333333333313,-61.00819617067857,1330.7819714458335
1,3.3666666666666645,-60.00833275470999,1347.7819714458335
1,3.3999999999999977,-61.0,1362.944249106002
1,3.433333333333331,-61.0,1380.944249106002
1,3.466666666666664,-62.0,1396.1803170835017
1,3.4999999999999973,-62.0,1396.1803170835017
1,3.5333333333333306,-63.63961030678928,1403.1803170835017
1,3.5666666666666638,-63.0,1429.3425947436701
1,3.599999999999997,-62.289646009589745,1440.3425947436701
1,3.63333333333333,-62.00806399170998,1464.5786627211698
1,3.6666666666666634,-61.032778078668514,1477.5786627211698
1,3.6999999999999966,-61.032778078668514,1477.5786627211698
1,3.73333333333333,-63.00793600809346,1495.7409403813383
1,3.766666666666663,-61.00819617067857,1512.7409403813383
1,3.7999999999999963,-61.0,1528.977008358838
1,3.8333333333333295,-60.00833275470999,1545.977008358838
1,3.8666666666666627,-61.0,1562.1392860190065
1,3.899999999999996,-61.0,1562.1392860190065
1,3.933333333333329,-62.0,1577.1392860190065
1,3.9666666666666623,-61.814237842102365,1586.1392860190065
1,3.9999999999999956,-61.0,1612.301563679175
1,4.033333333333329,-60.207972893961475,1623.301563679175
1,4.066666666666662,-61.00819617067857,1645.5376316566746
1,4.099999999999995,-60.00833275470999,1643.5376316566746
1,4.133333333333328,-61.0,1658.5376316566746
1,4.166666666666662,-60.00833275470999,1678.7736996341744
1,4.199999999999995,-59.0,1693.7736996341744
1,4.233333333333328,-60.0,1712.009767611674
1,4.266666666666661,-60.0,1727.009767611674
1,4.2999999999999945,-60.0,1727.009767611674
1,4.333333333333328,-63.00793600809346,1745.2458355891738
1,4.366666666666661,-60.00833275470999,1762.2458355891738
1,4.399999999999994,-61.00819617067857,1780.4819035666735
1,4.433333333333327,-61.00819617067857,1795.4819035666735
1,4.466666666666661,-62.0,1811.4819035666735
1,4.499999999999994,-61.00819617067857,1811.4819035666735
1,4.533333333333327,-63.0,1826.7179715441732
1,4.56666666666666,-61.0,1846.7179715441732
1,4.599999999999993,-61.1310068623117,1861.954039521673
1,4.633333333333327,-62.00806399170998,1883.954039521673
1,4.66666666666666,-61.5223536610881,1893.1901074991727
1,4.699999999999993,-61.5223536610881,1893.1901074991727
1,4.733333333333326,-63.00793600809346,1917.1901074991727
1,4.7666666666666595,-62.0,1934.4261754766724
1,4.799999999999993,-62.0,1934.4261754766724
2,0.03333333333333333,75.0066663703967,109.10654957016753
2,0.06666666666666667,74.43117626371358,122.34261754766732
2,0.1,75.53806987208503,122.34261754766732
2,0.13333333333333333,75.0066663703967,124.34261754766732
2,0.16666666666666666,75.0066663703967,133.57868552516712
2,0.19999999999999998,75.0,137.57868552516712
2,0.2333333333333333,74.96665925596525,162.81475350266692
2,0.26666666666666666,74.10802925459562,162.81475350266692
2,0.3,74.10802925459562,162.81475350266692
2,0.3333333333333333,73.0,164.81475350266692
2,0.36666666666666664,74.00675644831355,173.81475350266692
2,0.39999999999999997,73.97972695272672,202.05082148016672
2,0.4333333333333333,73.37593459559999,202.05082148016672
2,0.4666666666666666,73.67345368433456,211.28688945766652
2,0.49999999999999994,74.00168916991016,220.28688945766652
2,0.5333333333333333,74.33333333333326,228.28688945766652
2,0.5666666666666667,73.74976459472795,242.4491671178349
2,0.6,74.00675644831355,248.4491671178349
2,0.6333333333333333,76.0,266.6852350953347
2,0.6666666666666666,75.4254598925323,281.6852350953347
2,0.7,75.53806987208503,281.6852350953347
2,0.7333333333333333,74.00675644831355,285.92130307283446
2,0.7666666666666666,75.0,301.92130307283446
2,0.7999999999999999,75.05997601918082,321.15737105033423
2,0.8333333333333333,76.0,337.15737105033423
2,0.8666666666666666,75.23961722390672,359.31964871050263
2,0.8999999999999999,76.23647421018367,359.31964871050263
2,0.9333333333333332,75.0066663703967,365.31964871050263
2,0.9666666666666666,76.00657866263946,378.5557166880024
2,0.9999999999999999,76.0,396.5557166880024
2,1.0333333333333332,76.0,414.7917846655022
2,1.0666666666666667,77.10382610480494,433.7917846655022
2,1.1,77.10382610480494,433.7917846655022
2,1.1333333333333335,78.0,443.02785264300195
2,1.166666666666667,79.0,456.02785264300195
2,1.2000000000000004,79.00632886041473,476.02785264300195
2,1.2333333333333338,79.00632886041473,493.2639206205017
2,1.2666666666666673,78.00640999302557,509.2639206205017
2,1.3000000000000007,78.0,511.4999885980015
2,1.3333333333333341,78.00640999302557,524.4999885980014
2,1.3666666666666676,78.05767098754612,544.4999885980014
2,1.400000000000001,78.0,555.7360565755013
2,1.4333333333333345,76.4198926981712,579.7360565755013
2,1.466666666666668,77.0,588.9721245530011
2,1.5000000000000013,77.00649323271382,588.9721245530011
2,1.5333333333333348,76.00657866263946,601.9721245530011
2,1.5666666666666682,76.00657866263946,618.9721245530011
2,1.6000000000000016,76.00657866263946,637.1344022131694
2,1.633333333333335,76.0,652.1344022131694
2,1.6666666666666685,77.0,668.3704701906693
2,1.700000000000002,76.0,666.3704701906693
2,1.7333333333333354,75.16648189186454,685.3704701906693
2,1.7666666666666688,76.0,701.6065381681691
2,1.8000000000000023,74.02702209328699,718.6065381681691
2,1.8333333333333357,75.0,733.8426061456689
2,1.8666666666666691,73.17103251970687,753.8426061456689
2,1.9000000000000026,74.16872656315464,753.8426061456689
2,1.933333333333336,72.00694410957877,764.8426061456689
2,1.9666666666666694,72.17340230306452,787.0786741231688
2,2.0000000000000027,72.00694410957877,800.0786741231688
2,2.033333333333336,71.06335201775947,820.2409517833371
2,2.066666666666669,71.00704190430693,833.2409517833371
2,2.1000000000000023,71.00704190430693,833.2409517833371
2,2.1333333333333355,69.46221994724903,855.4770197608369
2,2.1666666666666687,70.0,866.4770197608369
2,2.200000000000002,69.18092222571191,888.7130877383368
2,2.233333333333335,69.00724599634447,899.7130877383368
2,2.2666666666666684,69.46221994724903,921.9491557158366
2,2.3000000000000016,69.46221994724903,921.9491557158366
2,2.333333333333335,67.0,927.9491557158366
2,2.366666666666668,68.59300255857006,955.1852236933364
2,2.4000000000000012,68.00735254367721,964.1852236933364
2,2.4333333333333345,66.61080993352356,988.4212916708362
2,2.4666666666666677,67.0,994.4212916708362
2,2.500000000000001,66.0,994.4212916708362
2,2.533333333333334,65.0,1010.4212916708362
2,2.5666666666666673,64.00781202322104,1025.657359648336
2,2.6000000000000005,64.00781202322104,1042.657359648336
2,2.6333333333333337,63.00793600809346,1060.8934276258358
2,2.666666666666667,64.0,1075.8934276258358
2,2.7,64.00781202322104,1078.8934276258358
2,2.7333333333333334,61.0,1092.1294956033355
2,2.7666666666666666,64.00781202322104,1111.1294956033355
2,2.8,64.0,1127.3655635808352
2,2.833333333333333,64.0,1142.3655635808352
2,2.8666666666666663,63.0,1160.601631558335
2,2.8999999999999995,62.0,1160.601631558335
2,2.9333333333333327,59.00847396772772,1173.601631558335
2,2.966666666666666,60.00833275470999,1193.8376995358346
2,2.999999999999999,59.00847396772772,1210.8376995358346
2,3.0333333333333323,58.008620049092706,1229.0737675133344
2,3.0666666666666655,57.0087712549569,1244.0737675133344
2,3.0999999999999988,56.0,1244.0737675133344
2,3.133333333333332,53.23532661682466,1264.309835490834
2,3.166666666666665,55.00909015790027,1277.309835490834
2,3.1999999999999984,54.08326913195984,1299.5459034683338
2,3.2333333333333316,54.0,1314.5459034683338
2,3.266666666666665,52.08646657242167,1334.7819714458335
2,3.299999999999998,52.08646657242167,1334.7819714458335
2,3.3333333333333313,50.0,1345.7819714458335
2,3.3666666666666645,51.15662224971465,1369.944249106002
2,3.3999999999999977,51.0098029794274,1382.944249106002
2,3.433333333333331,50.24937810560445,1405.1803170835017
2,3.466666666666664,49.0,1416.1803170835017
2,3.4999999999999973,48.010415536631214,1416.1803170835017
2,3.5333333333333306,46.010868281309364,1431.3425947436701
2,3.5666666666666638,46.010868281309364,1449.3425947436701
2,3.599999999999997,44.01136216933077,1466.5786627211698
2,3.63333333333333,43.0,1484.5786627211698
2,3.6666666666666634,42.01190307520001,1502.7409403813383
2,3.6999999999999966,41.012193308819754,1502.7409403813383
2,3.73333333333333,39.0,1517.7409403813383
2,3.766666666666663,40.01249804748511,1537.977008358838
2,3.7999999999999963,39.0,1552.977008358838
2,3.8333333333333295,38.01315561749642,1571.1392860190065
2,3.8666666666666627,37.013511046643494,1588.1392860190065
2,3.899999999999996,37.013511046643494,1588.1392860190065
2,3.933333333333329,35.014282800023196,1606.301563679175
2,3.9666666666666623,35.12833614050059,1625.301563679175
2,3.9999999999999956,35.014282800023196,1641.5376316566746
2,4.033333333333329,33.37663853655727,1660.5376316566746
2,4.066666666666662,32.0,1674.7736996341744
2,4.099999999999995,33.0,1674.7736996341744
2,4.133333333333328,30.01666203960727,1689.7736996341744
2,4.166666666666662,30.01666203960727,1712.009767611674
2,4.199999999999995,28.160255680657446,1732.009767611674
2,4.233333333333328,28.0,1747.2458355891738
2,4.266666666666661,28.0178514522438,1767.2458355891738
2,4.2999999999999945,27.018512172212592,1767.2458355891738
2,4.333333333333328,26.019223662515376,1784.4819035666735
2,4.366666666666661,28.0,1804.4819035666735
2,4.399999999999994,28.0178514522438,1821.7179715441732
2,4.433333333333327,26.019223662515376,1837.7179715441732
2,4.466666666666661,26.0,1854.954039521673
2,4.499999999999994,26.019223662515376,1854.954039521673
2,4.533333333333327,23.0,1872.954039521673
2,4.56666666666666,23.08679276123039,1895.1901074991727
2,4.599999999999993,21.0,1910.1901074991727
2,4.633333333333327,18.0,1928.4261754766724
2,4.66666666666666,18.0,1945.4261754766724
2,4.699999999999993,18.027756377319946,1945.4261754766724
2,4.733333333333326,15.0,1961.4261754766724
2,4.7666666666666595,15.033296378372908,1980.662243454172
2,4.799999999999993,15.033296378372908,1980.662243454172
3,0.03333333333333333,-62.00806399170998,68.87048159266774
3,0.06666666666666667,-63.00793600809346,77.87048159266774
3,0.1,-62.0,75.87048159266774
3,0.13333333333333333,-63.198101237299845,79.87048159266774
3,0.16666666666666666,-64.0,94.10654957016753
3,0.19999999999999998,-65.00769185258002,100.10654957016753
3,0.2333333333333333,-65.00769185258002,118.34261754766732
3,0.26666666666666666,-65.12296062065974,120.34261754766732
3,0.3,-66.06814663663572,120.34261754766732
3,0.3333333333333333,-66.91038783328041,120.34261754766732
3,0.36666666666666664,-67.00746227100382,142.57868552516712
3,0.39999999999999997,-68.0294054067798,159.81475350266692
3,0.4333333333333333,-68.59300255857006,159.81475350266692
3,0.4666666666666666,-70.0,180.05082148016672
3,0.49999999999999994,-70.00714249274856,180.05082148016672
3,0.5333333333333333,-71.00704190430693,187.05082148016672
3,0.5666666666666667,-72.02777242147643,200.05082148016672
3,0.6,-74.00675644831355,217.28688945766652
3,0.6333333333333333,-75.0,233.4491671178349
3,0.6666666666666666,-75.0066663703967,239.4491671178349
3,0.7,-76.02631123499285,239.4491671178349
3,0.7333333333333333,-78.0,257.6852350953347
3,0.7666666666666666,-78.0,274.6852350953347
3,0.7999999999999999,-80.89499366462674,279.6852350953347
3,0.8333333333333333,-81.00617260431454,309.92130307283446
3,0.8666666666666666,-83.21658488546619,319.15737105033423
3,0.8999999999999999,-83.21658488546619,319.15737105033423
3,0.9333333333333332,-86.00581375697809,341.15737105033423
3,0.9666666666666666,-87.0,357.31964871050263
3,0.9999999999999999,-89.0,374.31964871050263
3,1.0333333333333332,-90.0,389.5557166880024
3,1.0666666666666667,-91.7877987534291,394.5557166880024
3,1.1,-91.7877987534291,394.5557166880024
3,1.1333333333333335,-93.00537618869137,422.7917846655022
3,1.166666666666667,-93.43446901438462,431.7917846655022
3,1.2000000000000004,-95.0,458.02785264300195
3,1.2333333333333338,-95.25754563287887,469.02785264300195
3,1.2666666666666673,-96.00520819205592,493.2639206205017
3,1.3000000000000007,-96.00520819205592,493.2639206205017
3,1.3333333333333341,-96.02083107326243,507.2639206205017
3,1.3666666666666676,-97.0,526.4999885980014
3,1.400000000000001,-96.02083107326243,542.4999885980014
3,1.4333333333333345,-98.00510190801293,561.7360565755013
3,1.466666666666668,-98.02040603874276,577.7360565755013
3,1.5000000000000013,-97.02061636580135,577.7360565755013
3,1.5333333333333348,-99.0,592.9721245530011
3,1.5666666666666682,-98.00510190801293,612.9721245530011
3,1.6000000000000016,-99.0,630.1344022131694
3,1.633333333333335,-99.0,648.1344022131694
3,1.6666666666666685,-99.00505037623081,666.3704701906693
3,1.700000000000002,-99.0,666.3704701906693
3,1.7333333333333354,-99.00505037623081,681.3704701906693
3,1.7666666666666688,-99.00505037623081,701.6065381681691
3,1.8000000000000023,-99.00505037623081,716.6065381681691
3,1.8333333333333357,-99.0,733.8426061456689
3,1.8666666666666691,-99.00505037623081,751.8426061456689
3,1.9000000000000026,-98.0,751.8426061456689
3,1.933333333333336,-100.00499987500625,770.0786741231688
3,1.9666666666666694,-98.08159868191383,785.0786741231688
3,2.0000000000000027,-99.0,807.2409517833371
3,2.033333333333336,-99.18165152889924,818.2409517833371
3,2.066666666666669,-98.00510190801293,842.4770197608369
3,2.1000000000000023,-98.00510190801293,842.4770197608369
3,2.1333333333333355,-99.12618221237011,853.4770197608369
3,2.1666666666666687,-99.00505037623081,877.7130877383368
3,2.200000000000002,-98.18350166906862,886.7130877383368
3,2.233333333333335,-98.00510190801293,910.9491557158366
3,2.2666666666666684,-98.41239759298622,919.9491557158366
3,2.3000000000000016,-98.50888284819801,919.9491557158366
3,2.333333333333335,-100.00499987500625,946.1852236933364
3,2.366666666666668,-98.85848471426213,953.1852236933364
3,2.4000000000000012,-98.00510190801293,983.4212916708362
3,2.4333333333333345,-98.00510190801293,1001.4212916708362
3,2.4666666666666677,-97.0051545022222,1018.6573596483361
3,2.500000000000001,-97.0051545022222,1018.6573596483361
3,2.533333333333334,-98.73196037757987,1021.6573596483361
3,2.5666666666666673,-97.0,1051.8934276258358
3,2.6000000000000005,-96.00520819205592,1069.8934276258358
3,2.6333333333333337,-95.00526301210897,1087.1294956033355
3,2.666666666666667,-94.0,1105.1294956033355
3,2.7,-93.00537618869137,1105.1294956033355
3,2.7333333333333334,-94.0,1120.3655635808352
3,2.7666666666666666,-91.00549433962765,1142.3655635808352
3,2.8,-91.08786966440702,1155.601631558335
3,2.833333333333333,-91.0,1175.601631558335
3,2.8666666666666663,-91.13725912051558,1190.8376995358346
3,2.8999999999999995,-91.19758768739445,1190.8376995358346
3,2.9333333333333327,-92.0,1210.8376995358346
3,2.966666666666666,-89.1403387922662,1226.0737675133344
3,2.999999999999999,-89.00561780022652,1251.0737675133344
3,3.0333333333333323,-87.28115489611719,1262.309835490834
3,3.0666666666666655,-88.0,1283.309835490834
3,3.0999999999999988,-87.0,1283.309835490834
3,3.133333333333332,-88.02272433866155,1297.5459034683338
3,3.166666666666665,-85.00588214941364,1319.5459034683338
3,3.1999999999999984,-83.21658488546619,1332.7819714458335
3,3.2333333333333316,-82.00609733428362,1358.944249106002
3,3.266666666666665,-80.50465825031493,1367.944249106002
3,3.299999999999998,-79.63039620647382,1367.944249106002
3,3.3333333333333313,-81.00617260431454,1394.1803170835017
3,3.3666666666666645,-79.90619500389191,1403.1803170835017
3,3.3999999999999977,-78.00640999302557,1434.3425947436701
3,3.433333333333331,-77.78174593052023,1440.3425947436701
3,3.466666666666664,-77.00649323271382,1471.5786627211698
3,3.4999999999999973,-77.0,1469.5786627211698
3,3.5333333333333306,-77.31752712031083,1477.5786627211698
3,3.5666666666666638,-76.0,1504.7409403813383
3,3.599999999999997,-74.67261881037788,1512.7409403813383
3,3.63333333333333,-73.00684899377592,1543.977008358838
3,3.6666666666666634,-72.99315036357864,1550.977008358838
3,3.6999999999999966,-72.0,1564.1392860190065
3,3.73333333333333,-72.0,1579.1392860190065
3,3.766666666666663,-71.0,1599.301563679175
3,3.7999999999999963,-69.00724599634447,1619.301563679175
3,3.8333333333333295,-69.00724599634447,1636.5376316566746
3,3.8666666666666627,-69.0,1654.5376316566746
3,3.899999999999996,-68.00735254367721,1654.5376316566746
3,3.933333333333329,-70.00714249274856,1671.7736996341744
3,3.9666666666666623,-67.0,1691.7736996341744
3,3.9999999999999956,-66.007575322837,1712.009767611674
3,4.033333333333329,-65.0,1729.009767611674
3,4.066666666666662,-65.00769185258002,1747.2458355891738
3,4.099999999999995,-65.00769185258002,1747.2458355891738
3,4.133333333333328,-66.007575322837,1764.2458355891738
3,4.166666666666662,-63.0,1784.4819035666735
3,4.199999999999995,-61.5223536610881,1797.4819035666735
3,4.233333333333328,-61.0,1824.7179715441732
3,4.266666666666661,-61.0,1841.7179715441732
3,4.2999999999999945,-61.0,1841.7179715441732
3,4.333333333333328,-61.00819617067857,1859.954039521673
3,4.366666666666661,-58.0,1878.954039521673
3,4.399999999999994,-56.43580423808985,1893.1901074991727
3,4.433333333333327,-56.00892785976178,1919.1901074991727
3,4.466666666666661,-56.00892785976178,1941.4261754766724
3,4.499999999999994,-56.00892785976178,1941.4261754766724
3,4.533333333333327,-56.43580423808985,1950.4261754766724
3,4.56666666666666,-54.037024344425184,1976.662243454172
3,4.599999999999993,-53.0,1998.662243454172
3,4.633333333333327,-54.0,2015.8245211143405
3,4.66666666666666,-53.600373133029585,2026.8245211143405
3,4.699999999999993,-52.773099207835045,2026.8245211143405
3,4.733333333333326,-54.00925846556311,2052.0605890918405
3,4.7666666666666595,-52.009614495783374,2073.0605890918405
3,4.799999999999993,-52.009614495783374,2073.0605890918405
4,0.03333333333333333,108.0,49.39834563766817
4,0.06666666666666667,108.00462953040486,60.63441361516796
4,0.1,108.00462953040486,60.63441361516796
4,0.13333333333333333,109.0,66.63441361516796
4,0.16666666666666666,108.16653826391968,82.87048159266774
4,0.19999999999999998,109.0,84.87048159266774
4,0.2333333333333333,109.0,100.10654957016753
4,0.26666666666666666,109.77249200050075,122.34261754766732
4,0.3,109.77249200050075,122.34261754766732
4,0.3333333333333333,109.16501271011697,122.34261754766732
4,0.36666666666666664,110.00454536063498,126.34261754766732
4,0.39999999999999997,111.00450441310929,142.57868552516712
4,0.4333333333333333,110.76551810017412,162.81475350266692
4,0.4666666666666666,110.00454536063498,166.81475350266692
4,0.49999999999999994,111.00450441310929,166.81475350266692
4,0.5333333333333333,111.00450441310929,175.81475350266692
4,0.5666666666666667,111.64676439557037,202.05082148016672
4,0.6,112.0044641967453,206.28688945766652
4,0.6333333333333333,113.00442469213318,224.28688945766652
4,0.6666666666666666,113.44161493913951,242.4491671178349
4,0.7,113.44161493913951,242.4491671178349
4,0.7333333333333333,112.0,248.4491671178349
4,0.7666666666666666,113.0,281.6852350953347
4,0.7999999999999999,113.00442469213318,283.6852350953347
4,0.8333333333333333,114.00438588054409,301.92130307283446
4,0.8666666666666666,113.11056537742175,321.15737105033423
4,0.8999999999999999,114.0701538527936,321.15737105033423
4,0.9333333333333332,113.0,332.15737105033423
4,0.9666666666666666,114.21471008587291,359.31964871050263
4,0.9999999999999999,114.00438588054409,370.31964871050263
4,1.0333333333333332,114.43775600735974,396.5557166880024
4,1.0666666666666667,115.0,405.5557166880024
4,1.1,115.0,405.5557166880024
4,1.1333333333333335,114.6298390472568,433.7917846655022
4,1.166666666666667,115.0,438.7917846655022
4,1.2000000000000004,115.00434774390054,456.02785264300195
4,1.2333333333333338,113.0,474.02785264300195
4,1.2666666666666673,113.00442469213318,491.2639206205017
4,1.3000000000000007,113.00442469213318,493.2639206205017
4,1.3333333333333341,111.00450441310929,509.2639206205017
4,1.3666666666666676,113.0,526.4999885980014
4,1.400000000000001,112.01785571952357,544.4999885980014
4,1.4333333333333345,111.0,559.7360565755013
4,1.466666666666668,111.00450441310929,579.7360565755013
4,1.5000000000000013,111.00450441310929,579.7360565755013
4,1.5333333333333348,110.0,592.9721245530011
4,1.5666666666666682,110.04090148667449,614.9721245530011
4,1.6000000000000016,110.00454536063498,633.1344022131694
4,1.633333333333335,109.01834707974616,650.1344022131694
4,1.6666666666666685,108.0,668.3704701906693
4,1.700000000000002,108.00462953040486,670.3704701906693
4,1.7333333333333354,105.00476179678711,685.3704701906693
4,1.7666666666666688,105.92922165295089,718.6065381681691
4,1.8000000000000023,104.0,723.6065381681691
4,1.8333333333333357,103.69667304209909,753.8426061456689
4,1.8666666666666691,103.0,760.8426061456689
4,1.9000000000000026,103.0,760.8426061456689
4,1.933333333333336,100.4987562112089,787.0786741231688
4,1.9666666666666694,101.00495037373169,796.0786741231688
4,2.0000000000000027,99.02019995940222,820.2409517833371
4,2.033333333333336,98.00510190801293,838.2409517833371
4,2.066666666666669,97.02061636580135,855.4770197608369
4,2.1000000000000023,97.0051545022222,855.4770197608369
4,2.1333333333333355,96.00520819205592,868.4770197608369
4,2.1666666666666687,95.00526301210897,888.7130877383368
4,2.200000000000002,94.76286192385707,921.9491557158366
4,2.233333333333335,93.0,927.9491557158366
4,2.2666666666666684,92.77930803794561,955.1852236933364
4,2.3000000000000016,92.91393867445294,955.1852236933364
4,2.333333333333335,89.00561780022652,957.1852236933364
4,2.366666666666668,91.54780172128658,988.4212916708362
4,2.4000000000000012,89.00561780022652,996.4212916708362
4,2.4333333333333345,86.28441342444185,1023.6573596483361
4,2.4666666666666677,85.0,1034.657359648336
4,2.500000000000001,84.00595217006948,1036.657359648336
4,2.533333333333334,81.30190649671138,1056.8934276258358
4,2.5666666666666673,82.0,1067.8934276258358
4,2.6000000000000005,80.15609770940699,1089.1294956033355
4,2.6333333333333337,80.0,1103.1294956033355
4,2.666666666666667,77.05841939723393,1125.3655635808352
4,2.7,76.02631123499285,1125.3655635808352
4,2.7333333333333334,73.0,1140.3655635808352
4,2.7666666666666666,73.0,1160.601631558335
4,2.8,72.0,1177.601631558335
4,2.833333333333333,70.0,1195.8376995358346
4,2.8666666666666663,68.0,1214.8376995358346
4,2.8999999999999995,67.00746227100382,1217.8376995358346
4,2.9333333333333327,63.00793600809346,1233.0737675133344
4,2.966666666666666,62.96824596572466,1264.309835490834
4,2.999999999999999,61.00819617067857,1272.309835490834
4,3.0333333333333323,59.53990258641679,1299.5459034683338
4,3.0666666666666655,57.0,1310.5459034683338
4,3.0999999999999988,56.0,1310.5459034683338
4,3.133333333333332,51.78802950489621,1334.7819714458335
4,3.166666666666665,52.009614495783374,1345.7819714458335
4,3.1999999999999984,49.36598018878993,1369.944249106002
4,3.2333333333333316,47.0,1382.944249106002
4,3.266666666666665,44.28317965096906,1405.1803170835017
4,3.299999999999998,43.289721643826724,1405.1803170835017
4,3.3333333333333313,40.01249804748511,1418.1803170835017
4,3.3666666666666645,39.20459156782532,1442.3425947436701
4,3.3999999999999977,36.0,1458.5786627211698
4,3.433333333333331,34.058772731852805,1480.5786627211698
4,3.466666666666664,33.015148038438355,1497.7409403813383
4,3.4999999999999973,32.01562118716424,1497.7409403813383
4,3.5333333333333306,28.0,1515.7409403813383
4,3.5666666666666638,29.0,1534.977008358838
4,3.599999999999997,26.019223662515376,1554.977008358838
4,3.63333333333333,26.0,1573.1392860190065
4,3.6666666666666634,24.0,1590.1392860190065
4,3.6999999999999966,23.021728866442675,1592.1392860190065
4,3.73333333333333,21.02379604162864,1608.301563679175
4,3.766666666666663,21.0,1628.301563679175
4,3.7999999999999963,20.0,1647.5376316566746
4,3.8333333333333295,18.027756377319946,1667.7736996341744
4,3.8666666666666627,17.0,1685.7736996341744
4,3.899999999999996,16.0312195418814,1687.7736996341744
4,3.933333333333329,13.0,1703.009767611674
4,3.9666666666666623,14.035668847618199,1725.009767611674
4,3.9999999999999956,12.041594578792296,1745.2458355891738
4,4.033333333333329,10.198039027185569,1767.2458355891738
4,4.066666666666662,9.0,1786.4819035666735
4,4.099999999999995,9.0,1789.4819035666735
4,4.133333333333328,5.0,1800.4819035666735
4,4.166666666666662,7.0,1819.7179715441732
4,4.199999999999995,6.082762530298219,1839.7179715441732
4,4.233333333333328,5.0990195135927845,1857.954039521673
4,4.266666666666661,3.0,1874.954039521673
4,4.2999999999999945,3.1622776601683795,1876.954039521673
4,4.333333333333328,1.0,1893.1901074991727
4,4.366666666666661,1.0,1919.1901074991727
4,4.399999999999994,-2.23606797749979,1939.4261754766724
4,4.433333333333327,-5.0990195135927845,1961.4261754766724
4,4.466666666666661,-7.0710678118654755,1983.662243454172
4,4.499999999999994,-7.0,1983.662243454172
4,4.533333333333327,-9.055385138137417,2000.662243454172
4,4.56666666666666,-9.055385138137417,2022.8245211143405
4,4.599999999999993,-12.041594578792296,2042.8245211143405
4,4.633333333333327,-14.035668847618199,2060.0605890918405
4,4.66666666666666,-15.811388300841896,2073.0605890918405
4,4.699999999999993,-15.811388300841896,2073.0605890918405
4,4.733333333333326,-18.027756377319946,2095.222866752009
4,4.7666666666666595,-18.027756377319946,2113.222866752009
4,4.799999999999993,-18.027756377319946,2113.222866752009
5,0.03333333333333333,65.00769185258002,268.6852350953347
5,0.06666666666666667,64.07027391856539,281.6852350953347
5,0.1,65.12296062065974,281.6852350953347
5,0.13333333333333333,65.0,285.92130307283446
5,0.16666666666666666,66.007575322837,294.92130307283446
5,0.19999999999999998,67.0,301.92130307283446
5,0.2333333333333333,67.02984409947557,321.15737105033423
5,0.26666666666666666,68.00735254367721,328.15737105033423
5,0.3,68.00735254367721,326.15737105033423
5,0.3333333333333333,68.0,335.15737105033423
5,0.36666666666666664,69.0,343.15737105033423
5,0.39999999999999997,70.00714249274856,361.31964871050263
5,0.4333333333333333,72.0,367.31964871050263
5,0.4666666666666666,72.0,383.5557166880024
5,0.49999999999999994,73.0,383.5557166880024
5,0.5333333333333333,72.24956747275377,396.5557166880024
5,0.5666666666666667,74.0,407.5557166880024
5,0.6,74.67261881037788,433.7917846655022
5,0.6333333333333333,76.00657866263946,440.7917846655022
5,0.6666666666666666,77.0,450.02785264300195
5,0.7,77.00649323271382,450.02785264300195
5,0.7333333333333333,77.31752712031083,472.02785264300195
5,0.7666666666666666,79.00632886041473,483.2639206205017
5,0.7999999999999999,80.75270893288967,509.2639206205017
5,0.8333333333333333,82.0,513.4999885980014
5,0.8666666666666666,82.00609733428362,531.4999885980014
5,0.8999999999999999,82.00609733428362,531.4999885980014
5,0.9333333333333332,81.00617260431454,544.4999885980014
5,0.9666666666666666,82.00609733428362,564.7360565755013
5,0.9999999999999999,81.00617260431454,579.7360565755013
5,1.0333333333333332,82.00609733428362,597.9721245530011
5,1.0666666666666667,82.09750300709517,614.9721245530011
5,1.1,82.09750300709517,614.9721245530011
5,1.1333333333333335,82.0,626.1344022131694
5,1.166666666666667,82.38931969618392,650.1344022131694
5,1.2000000000000004,83.00602387778854,659.3704701906693
5,1.2333333333333338,81.39410298049853,685.3704701906693
5,1.2666666666666673,82.00609733428362,692.3704701906693
5,1.3000000000000007,81.00617260431454,694.6065381681691
5,1.3333333333333341,80.75270893288967,718.6065381681691
5,1.3666666666666676,81.0,725.6065381681691
5,1.400000000000001,81.00617260431454,740.8426061456689
5,1.4333333333333345,79.00632886041473,758.8426061456689
5,1.466666666666668,79.00632886041473,774.0786741231688
5,1.5000000000000013,79.0,774.0786741231688
5,1.5333333333333348,76.00657866263946,789.0786741231688
5,1.5666666666666682,75.0,807.2409517833371
5,1.6000000000000016,73.0,822.2409517833371
5,1.633333333333335,72.00694410957877,838.2409517833371
5,1.6666666666666685,71.02816342831905,855.4770197608369
5,1.700000000000002,70.02856560004639,855.4770197608369
5,1.7333333333333354,68.0,868.4770197608369
5,1.7666666666666688,67.00746227100382,888.7130877383368
5,1.8000000000000023,66.0,903.7130877383368
5,1.8333333333333357,65.00769185258002,921.9491557158366
5,1.8666666666666691,64.0,934.9491557158366
5,1.9000000000000026,63.0,934.9491557158366
5,1.933333333333336,59.135437767890075,955.1852236933364
5,1.9666666666666694,59.00847396772772,968.1852236933364
5,2.0000000000000027,56.0357029044876,988.4212916708362
5,2.033333333333336,55.0,1003.4212916708362
5,2.066666666666669,52.08646657242167,1023.6573596483361
5,2.1000000000000023,51.088159097779204,1023.6573596483361
5,2.1333333333333355,49.01020301937138,1036.657359648336
5,2.1666666666666687,49.09175083453431,1056.8934276258358
5,2.200000000000002,48.010415536631214,1071.8934276258358
5,2.233333333333335,46.17358552246078,1089.1294956033355
5,2.2666666666666684,46.010868281309364,1105.1294956033355
5,2.3000000000000016,46.010868281309364,1105.1294956033355
5,2.333333333333335,42.579337712087536,1125.3655635808352
5,2.366666666666668,44.0,1136.3655635808352
5,2.4000000000000012,42.190046219457976,1157.601631558335
5,2.4333333333333345,41.0,1168.601631558335
5,2.4666666666666677,38.8329756778952,1193.8376995358346
5,2.500000000000001,37.8549864614954,1193.8376995358346
5,2.533333333333334,35.014282800023196,1199.8376995358346
5,2.5666666666666673,36.0,1217.8376995358346
5,2.6000000000000005,34.0147027033899,1235.0737675133344
5,2.6333333333333337,32.0,1251.0737675133344
5,2.666666666666667,29.017236257093817,1268.309835490834
5,2.7,28.0178514522438,1268.309835490834
5,2.7333333333333334,26.0,1281.309835490834
5,2.7666666666666666,27.018512172212592,1301.5459034683338
5,2.8,26.0,1319.5459034683338
5,2.833333333333333,24.020824298928627,1334.7819714458335
5,2.8666666666666663,24.020824298928627,1351.7819714458335
5,2.8999999999999995,23.021728866442675,1351.7819714458335
5,2.9333333333333327,19.4164878389476,1369.944249106002
5,2.966666666666666,20.0,1382.944249106002
5,2.999999999999999,19.4164878389476,1405.1803170835017
5,3.0333333333333323,18.0,1418.1803170835017
5,3.0666666666666655,17.0,1436.3425947436701
5,3.0999999999999988,17.029386365926403,1436.3425947436701
5,3.133333333333332,13.038404810405298,1449.3425947436701
5,3.166666666666665,15.033296378372908,1471.5786627211698
5,3.1999999999999984,13.038404810405298,1488.5786627211698
5,3.2333333333333316,13.0,1506.7409403813383
5,3.266666666666665,11.045361017187261,1523.977008358838
5,3.299999999999998,10.04987562112089,1523.977008358838
5,3.3333333333333313,8.0,1537.977008358838
5,3.3666666666666645,9.055385138137417,1560.1392860190065
5,3.3999999999999977,8.06225774829855,1577.1392860190065
5,3.433333333333331,7.0,1595.301563679175
5,3.466666666666664,7.0,1612.301563679175
5,3.4999999999999973,6.082762530298219,1612.301563679175
5,3.5333333333333306,4.123105625617661,1628.301563679175
5,3.5666666666666638,5.0,1645.5376316566746
5,3.599999999999997,4.123105625617661,1665.7736996341744
5,3.63333333333333,4.0,1680.7736996341744
5,3.6666666666666634,2.0,1698.7736996341744
5,3.6999999999999966,2.0,1698.7736996341744
5,3.73333333333333,0.0,1714.009767611674
5,3.766666666666663,1.0,1736.009767611674
5,3.7999999999999963,1.0,1753.2458355891738
5,3.8333333333333295,-2.0,1771.2458355891738
5,3.8666666666666627,-3.1622776601683795,1791.4819035666735
5,3.899999999999996,-3.0,1789.4819035666735
5,3.933333333333329,-6.082762530298219,1806.4819035666735
5,3.9666666666666623,-6.082762530298219,1826.7179715441732
5,3.9999999999999956,-7.0710678118654755,1846.7179715441732
5,4.033333333333329,-7.280109889280518,1861.954039521673
5,4.066666666666662,-10.04987562112089,1883.954039521673
5,4.099999999999995,-10.04987562112089,1883.954039521673
5,4.133333333333328,-13.038404810405298,1899.1901074991727
5,4.166666666666662,-12.041594578792296,1919.1901074991727
5,4.199999999999995,-14.035668847618199,1941.4261754766724
5,4.233333333333328,-16.0,1956.4261754766724
5,4.266666666666661,-17.029386365926403,1976.662243454172
5,4.2999999999999945,-18.027756377319946,1976.662243454172
5,4.333333333333328,-20.0,1991.662243454172
5,4.366666666666661,-20.024984394500787,2013.8245211143405
5,4.399999999999994,-19.4164878389476,2026.8245211143405
5,4.433333333333327,-21.02379604162864,2052.0605890918405
5,4.466666666666661,-22.0,2071.0605890918405
5,4.499999999999994,-21.0,2071.0605890918405
5,4.533333333333327,-24.020824298928627,2091.222866752009
5,4.56666666666666,-23.021728866442675,2111.222866752009
5,4.599999999999993,-23.021728866442675,2130.4589347295087
5,4.633333333333327,-24.020824298928627,2148.4589347295087
5,4.66666666666666,-25.019992006393608,2168.621212389677
5,4.699999999999993,-25.019992006393608,2168.621212389677
5,4.733333333333326,-28.0178514522438,2183.621212389677
5,4.7666666666666595,-27.0,2205.857280367177
5,4.799999999999993,-27.0,2205.857280367177
6,0.03333333333333333,81.74350127074322,242.4491671178349
6,0.06666666666666667,81.2219182240853,242.4491671178349
6,0.1,82.29823813423954,242.4491671178349
6,0.13333333333333333,83.02409288875127,242.4491671178349
6,0.16666666666666666,83.00602387778854,246.4491671178349
6,0.19999999999999998,84.00595217006948,257.6852350953347
6,0.2333333333333333,84.1486779456457,281.6852350953347
6,0.26666666666666666,85.0,288.92130307283446
6,0.3,85.0,288.92130307283446
6,0.3333333333333333,85.00588214941364,294.92130307283446
6,0.36666666666666664,86.0,301.92130307283446
6,0.39999999999999997,86.37129152675674,321.15737105033423
6,0.4333333333333333,86.00581375697809,321.15737105033423
6,0.4666666666666666,87.00574693662483,339.15737105033423
6,0.49999999999999994,87.0,339.15737105033423
6,0.5333333333333333,86.97700845625813,359.31964871050263
6,0.5666666666666667,87.00574693662483,363.31964871050263
6,0.6,88.0056816347672,381.5557166880024
6,0.6333333333333333,87.00574693662483,396.5557166880024
6,0.6666666666666666,88.0056816347672,405.5557166880024
6,0.7,88.0,403.5557166880024
6,0.7333333333333333,88.0056816347672,420.7917846655022
6,0.7666666666666666,88.0,438.7917846655022
6,0.7999999999999999,88.0056816347672,454.02785264300195
6,0.8333333333333333,88.0056816347672,472.02785264300195
6,0.8666666666666666,87.0,487.2639206205017
6,0.8999999999999999,88.0,487.2639206205017
6,0.9333333333333332,86.37129152675674,509.2639206205017
6,0.9666666666666666,88.0,518.4999885980014
6,0.9999999999999999,87.46427842267951,544.4999885980014
6,1.0333333333333332,86.0,550.7360565755013
6,1.0666666666666667,86.70063436907483,579.7360565755013
6,1.1,86.83317338436964,579.7360565755013
6,1.1333333333333335,84.0,581.7360565755013
6,1.166666666666667,85.0,599.9721245530011
6,1.2000000000000004,84.00595217006948,616.9721245530011
6,1.2333333333333338,83.0,633.1344022131694
6,1.2666666666666673,82.00609733428362,650.1344022131694
6,1.3000000000000007,81.00617260431454,650.1344022131694
6,1.3333333333333341,79.00632886041473,666.3704701906693
6,1.3666666666666676,77.10382610480494,685.3704701906693
6,1.400000000000001,76.00657866263946,698.6065381681691
6,1.4333333333333345,72.06247289678588,718.6065381681691
6,1.466666666666668,71.00704190430693,733.8426061456689
6,1.5000000000000013,71.00704190430693,733.8426061456689
6,1.5333333333333348,68.18357573492314,753.8426061456689
6,1.5666666666666682,67.00746227100382,770.0786741231688
6,1.6000000000000016,65.00769185258002,787.0786741231688
6,1.633333333333335,64.0,805.2409517833371
6,1.6666666666666685,62.0,822.2409517833371
6,1.700000000000002,62.0,822.2409517833371
6,1.7333333333333354,59.0,838.2409517833371
6,1.7666666666666688,58.0,855.4770197608369
6,1.8000000000000023,57.0,873.4770197608369
6,1.8333333333333357,54.0,890.7130877383368
6,1.8666666666666691,53.009433122794285,910.9491557158366
6,1.9000000000000026,53.009433122794285,910.9491557158366
6,1.933333333333336,49.0,923.9491557158366
6,1.9666666666666694,48.010415536631214,943.9491557158366
6,2.0000000000000027,45.0111097397076,959.1852236933364
6,2.033333333333336,43.0,974.1852236933364
6,2.066666666666669,40.0,992.4212916708362
6,2.1000000000000023,39.0,992.4212916708362
6,2.1333333333333355,37.0,1010.4212916708362
6,2.1666666666666687,35.014282800023196,1029.657359648336
6,2.200000000000002,33.015148038438355,1047.657359648336
6,2.233333333333335,31.016124838541646,1064.8934276258358
6,2.2666666666666684,29.017236257093817,1082.8934276258358
6,2.3000000000000016,28.0178514522438,1082.8934276258358
6,2.333333333333335,24.020824298928627,1098.1294956033355
6,2.366666666666668,25.0,1125.3655635808352
6,2.4000000000000012,23.021728866442675,1136.3655635808352
6,2.4333333333333345,20.0,1151.3655635808352
6,2.4666666666666677,17.029386365926403,1168.601631558335
6,2.500000000000001,16.0,1166.601631558335
6,2.533333333333334,14.0,1182.601631558335
6,2.5666666666666673,13.038404810405298,1201.8376995358346
6,2.6000000000000005,12.041594578792296,1219.8376995358346
6,2.6333333333333337,10.04987562112089,1237.0737675133344
6,2.666666666666667,8.0,1253.0737675133344
6,2.7,7.0,1253.0737675133344
6,2.7333333333333334,3.0,1266.309835490834
6,2.7666666666666666,4.123105625617661,1288.5459034683338
6,2.8,2.23606797749979,1303.5459034683338
6,2.833333333333333,1.0,1321.7819714458335
6,2.8666666666666663,1.0,1338.7819714458335
6,2.8999999999999995,-1.0,1336.7819714458335
6,2.9333333333333327,-4.123105625617661,1351.7819714458335
6,2.966666666666666,-2.8284271247461903,1367.944249106002
6,2.999999999999999,-3.1622776601683795,1387.944249106002
6,3.0333333333333323,-4.123105625617661,1403.1803170835017
6,3.0666666666666655,-7.0,1420.1803170835017
6,3.0999999999999988,-8.06225774829855,1420.1803170835017
6,3.133333333333332,-10.04987562112089,1436.3425947436701
6,3.166666666666665,-10.0,1455.5786627211698
6,3.1999999999999984,-10.04987562112089,1475.5786627211698
6,3.2333333333333316,-11.0,1493.7409403813383
6,3.266666666666665,-13.038404810405298,1510.7409403813383
6,3.299999999999998,-14.0,1510.7409403813383
6,3.3333333333333313,-18.027756377319946,1526.977008358838
6,3.3666666666666645,-16.0312195418814,1548.977008358838
6,3.3999999999999977,-19.0,1566.1392860190065
6,3.433333333333331,-21.0,1586.1392860190065
6,3.466666666666664,-23.021728866442675,1603.301563679175
6,3.4999999999999973,-24.0,1601.301563679175
6,3.5333333333333306,-26.019223662515376,1619.301563679175
6,3.5666666666666638,-27.0,1636.5376316566746
6,3.599999999999997,-28.0178514522438,1654.5376316566746
6,3.63333333333333,-30.0,1674.7736996341744
6,3.6666666666666634,-30.0,1691.7736996341744
6,3.6999999999999966,-31.0,1691.7736996341744
6,3.73333333333333,-35.0,1707.009767611674
6,3.766666666666663,-34.0,1727.009767611674
6,3.7999999999999963,-35.014282800023196,1747.2458355891738
6,3.8333333333333295,-36.013886210738214,1764.2458355891738
6,3.8666666666666627,-38.01315561749642,1780.4819035666735
6,3.899999999999996,-38.01315561749642,1780.4819035666735
6,3.933333333333329,-40.01249804748511,1797.4819035666735
6,3.9666666666666623,-41.0,1819.7179715441732
6,3.9999999999999956,-42.579337712087536,1830.7179715441732
6,4.033333333333329,-45.0,1857.954039521673
6,4.066666666666662,-47.01063709417264,1876.954039521673
6,4.099999999999995,-47.01063709417264,1876.954039521673
6,4.133333333333328,-50.00999900019995,1893.1901074991727
6,4.166666666666662,-50.00999900019995,1915.1901074991727
6,4.199999999999995,-51.0098029794274,1934.4261754766724
6,4.233333333333328,-51.03920062069938,1950.4261754766724
6,4.266666666666661,-52.009614495783374,1972.662243454172
6,4.2999999999999945,-53.009433122794285,1972.662243454172
6,4.333333333333328,-56.0,1987.662243454172
6,4.366666666666661,-54.3323108288245,2002.662243454172
6,4.399999999999994,-56.0,2026.8245211143405
6,4.433333333333327,-58.0,2047.0605890918403
6,4.466666666666661,-60.0,2067.0605890918405
6,4.499999999999994,-60.0,2067.0605890918405
6,4.533333333333327,-62.80127387243033,2073.0605890918405
6,4.56666666666666,-61.814237842102365,2095.222866752009
6,4.599999999999993,-62.39390995922599,2117.222866752009
6,4.633333333333327,-65.27633568147036,2137.4589347295087
6,4.66666666666666,-67.36467917239716,2155.4589347295087
6,4.699999999999993,-67.36467917239716,2155.4589347295087
6,4.733333333333326,-69.18092222571191,2174.621212389677
6,4.7666666666666595,-68.59300255857006,2192.621212389677
6,4.799999999999993,-68.59300255857006,2192.621212389677
7,0.03333333333333333,-67.00746227100382,224.28688945766652
7,0.06666666666666667,-67.0,228.28688945766652
7,0.1,-66.007575322837,228.28688945766652
7,0.13333333333333333,-66.007575322837,237.4491671178349
7,0.16666666666666666,-65.19202405202648,239.4491671178349
7,0.19999999999999998,-65.0,252.4491671178349
7,0.2333333333333333,-65.00769185258002,270.6852350953347
7,0.26666666666666666,-64.00781202322104,279.6852350953347
7,0.3,-64.00781202322104,279.6852350953347
7,0.3333333333333333,-64.28063471995279,279.6852350953347
7,0.36666666666666664,-65.00769185258002,294.92130307283446
7,0.39999999999999997,-64.00781202322104,312.92130307283446
7,0.4333333333333333,-64.0,319.15737105033423
7,0.4666666666666666,-65.0,335.15737105033423
7,0.49999999999999994,-65.0,335.15737105033423
7,0.5333333333333333,-65.00769185258002,341.15737105033423
7,0.5666666666666667,-65.0,357.31964871050263
7,0.6,-65.00769185258002,372.31964871050263
7,0.6333333333333333,-65.00769185258002,389.5557166880024
7,0.6666666666666666,-65.00769185258002,394.5557166880024
7,0.7,-65.00769185258002,394.5557166880024
7,0.7333333333333333,-66.007575322837,411.7917846655022
7,0.7666666666666666,-66.0,429.7917846655022
7,0.7999999999999999,-66.91038783328041,431.7917846655022
7,0.8333333333333333,-65.0,458.02785264300195
7,0.8666666666666666,-66.27216610312357,469.02785264300195
7,0.8999999999999999,-66.37017402418047,469.02785264300195
7,0.9333333333333332,-68.0,491.2639206205017
7,0.9666666666666666,-67.00746227100382,507.2639206205017
7,0.9999999999999999,-68.00735254367721,524.4999885980014
7,1.0333333333333332,-67.0,540.4999885980014
7,1.0666666666666667,-68.00735254367721,555.7360565755013
7,1.1,-68.0,555.7360565755013
7,1.1333333333333335,-70.0,570.7360565755013
7,1.166666666666667,-69.87131027825369,577.7360565755013
7,1.2000000000000004,-70.0,603.9721245530011
7,1.2333333333333338,-71.449282711585,612.9721245530011
7,1.2666666666666673,-72.0,637.1344022131694
7,1.3000000000000007,-73.0,637.1344022131694
7,1.3333333333333341,-73.10950690573696,648.1344022131694
7,1.3666666666666676,-74.0,670.3704701906693
7,1.400000000000001,-73.0,683.3704701906693
7,1.4333333333333345,-74.0,701.6065381681691
7,1.466666666666668,-74.06078584514209,716.6065381681691
7,1.5000000000000013,-73.02739212103907,716.6065381681691
7,1.5333333333333348,-75.0066663703967,733.8426061456689
7,1.5666666666666682,-74.00675644831355,751.8426061456689
7,1.6000000000000016,-75.0066663703967,770.0786741231688
7,1.633333333333335,-75.0,785.0786741231688
7,1.6666666666666685,-75.0066663703967,802.0786741231688
7,1.700000000000002,-75.0066663703967,802.0786741231688
7,1.7333333333333354,-76.00657866263946,818.2409517833371
7,1.7666666666666688,-76.0,835.2409517833371
7,1.8000000000000023,-77.00649323271382,853.4770197608369
7,1.8333333333333357,-78.0,868.4770197608369
7,1.8666666666666691,-77.0,884.7130877383368
7,1.9000000000000026,-76.0,884.7130877383368
7,1.933333333333336,-77.92945527847606,886.7130877383368
7,1.9666666666666694,-76.0,916.9491557158366
7,2.0000000000000027,-76.00657866263946,932.9491557158366
7,2.033333333333336,-75.0066663703967,950.1852236933364
7,2.066666666666669,-75.0,968.1852236933364
7,2.1000000000000023,-74.0,968.1852236933364
7,2.1333333333333355,-75.0066663703967,983.4212916708362
7,2.1666666666666687,-74.0,1001.4212916708362
7,2.200000000000002,-73.00684899377592,1018.6573596483361
7,2.233333333333335,-73.00684899377592,1036.657359648336
7,2.2666666666666684,-72.00694410957877,1053.8934276258358
7,2.3000000000000016,-72.00694410957877,1053.8934276258358
7,2.333333333333335,-74.00675644831355,1069.8934276258358
7,2.366666666666668,-71.00704190430693,1087.1294956033355
7,2.4000000000000012,-71.00704190430693,1105.1294956033355
7,2.4333333333333345,-71.00704190430693,1120.3655635808352
7,2.4666666666666677,-70.0,1138.3655635808352
7,2.500000000000001,-71.0,1138.3655635808352
7,2.533333333333334,-71.00704190430693,1151.3655635808352
7,2.5666666666666673,-69.0,1171.601631558335
7,2.6000000000000005,-67.00746227100382,1186.8376995358346
7,2.6333333333333337,-67.0,1204.8376995358346
7,2.666666666666667,-66.007575322837,1222.0737675133344
7,2.7,-65.0,1222.0737675133344
7,2.7333333333333334,-67.60177512462228,1226.0737675133344
7,2.7666666666666666,-64.00781202322104,1257.309835490834
7,2.8,-64.0,1275.309835490834
7,2.833333333333333,-64.00781202322104,1292.5459034683338
7,2.8666666666666663,-63.953107821277925,1297.5459034683338
7,2.8999999999999995,-63.788713735268246,1297.5459034683338
7,2.9333333333333327,-66.0,1321.7819714458335
7,2.966666666666666,-63.63961030678928,1332.7819714458335
7,2.999999999999999,-62.00806399170998,1358.944249106002
7,3.0333333333333323,-61.5223536610881,1367.944249106002
7,3.0666666666666655,-62.00806399170998,1392.1803170835017
7,3.0999999999999988,-62.00806399170998,1392.1803170835017
7,3.133333333333332,-63.198101237299845,1403.1803170835017
7,3.166666666666665,-61.00819617067857,1427.3425947436701
7,3.1999999999999984,-60.207972893961475,1440.3425947436701
7,3.2333333333333316,-60.00833275470999,1464.5786627211698
7,3.266666666666665,-59.033888572581766,1477.5786627211698
7,3.299999999999998,-58.034472514187634,1477.5786627211698
7,3.3333333333333313,-61.0,1495.7409403813383
7,3.3666666666666645,-59.033888572581766,1512.7409403813383
7,3.3999999999999977,-60.0,1532.977008358838
7,3.433333333333331,-58.0,1550.977008358838
7,3.466666666666664,-59.00847396772772,1568.1392860190065
7,3.4999999999999973,-60.00833275470999,1568.1392860190065
7,3.5333333333333306,-61.00819617067857,1584.1392860190065
7,3.5666666666666638,-60.0,1601.301563679175
7,3.599999999999997,-60.00833275470999,1621.301563679175
7,3.63333333333333,-60.0,1636.5376316566746
7,3.6666666666666634,-60.0,1654.5376316566746
7,3.6999999999999966,-60.0,1654.5376316566746
7,3.73333333333333,-61.98386886924694,1658.5376316566746
7,3.766666666666663,-60.00833275470999,1689.7736996341744
7,3.7999999999999963,-60.0,1707.009767611674
7,3.8333333333333295,-60.0,1725.009767611674
7,3.8666666666666627,-61.00819617067857,1743.2458355891738
7,3.899999999999996,-61.0,1740.2458355891738
7,3.933333333333329,-62.00806399170998,1758.2458355891738
7,3.9666666666666623,-61.0,1775.4819035666735
7,3.9999999999999956,-62.0,1793.4819035666735
7,4.033333333333329,-63.0,1811.4819035666735
7,4.066666666666662,-64.0,1828.7179715441732
7,4.099999999999995,-63.00793600809346,1828.7179715441732
7,4.133333333333328,-66.0,1843.7179715441732
7,4.166666666666662,-65.06919393998976,1861.954039521673
7,4.199999999999995,-66.0,1883.954039521673
7,4.233333333333328,-66.48308055437865,1893.1901074991727
7,4.266666666666661,-67.00746227100382,1919.1901074991727
7,4.2999999999999945,-68.00735254367721,1919.1901074991727
7,4.333333333333328,-69.87131027825369,1921.1901074991727
7,4.366666666666661,-68.11754546370561,1950.4261754766724
7,4.399999999999994,-69.0,1972.662243454172
7,4.433333333333327,-71.00704190430693,1991.662243454172
7,4.466666666666661,-72.24956747275377,2002.662243454172
7,4.499999999999994,-72.24956747275377,2002.662243454172
7,4.533333333333327,-75.0066663703967,2026.8245211143405
7,4.56666666666666,-75.0066663703967,2047.0605890918403
7,4.599999999999993,-76.94153624668537,2052.0605890918405
7,4.633333333333327,-78.40918313565064,2073.0605890918405
7,4.66666666666666,-79.22752047110903,2095.222866752009
7,4.699999999999993,-79.22752047110903,2095.222866752009
7,4.733333333333326,-82.00609733428362,2117.222866752009
7,4.7666666666666595,-82.0,2137.4589347295087
7,4.799999999999993,-82.0,2137.4589347295087
